Pickup Community Area,Dropoff Community Area,Fare,Trip Seconds,Trip Miles
7,24,24.00,1345,8.44
24,3,15.00,1101,9.1
3,8,17.00,685,8.5
8,24,9.00,1256,2.23
8,56,5.00,1800,4
56,3,11.00,829,3.79
56,32,3.00,357,16.75
56,43,6.00,660,3
32,43,10.00,762,0.3
32,3,30.00,357,16.75
43,7,3.25,1201,0.15
43,8,12,940,1.95
8,7,113.00,693,1.5
